{
  "cv_n_splits": 5,
  "best_params": {
    "clf__C": 3.0
  },
  "best_cv_balanced_accuracy": 0.5534924018024256,
  "test_accuracy": 0.5849056603773585,
  "test_balanced_accuracy": 0.5582375478927203,
  "test_f1_macro": 0.5433684672815108,
  "test_f1_weighted": 0.5645399855818232,
  "classes": [
    "Astrocytoma",
    "Oligoastrocytoma",
    "Oligodendroglioma"
  ],
  "n_train": 423,
  "n_test": 106,
  "n_features": 5000
}