,precision,recall,f1-score,support
Astrocytoma,0.6304347826086957,0.6904761904761905,0.6590909090909091,42.0
Oligoastrocytoma,0.4117647058823529,0.2413793103448276,0.30434782608695654,29.0
Oligodendroglioma,0.6046511627906976,0.7428571428571429,0.6666666666666666,35.0
accuracy,0.5849056603773585,0.5849056603773585,0.5849056603773585,0.5849056603773585
macro avg,0.5489502170939154,0.5582375478927203,0.5433684672815108,106.0
weighted avg,0.5620964909229044,0.5849056603773585,0.5645399855818232,106.0
